Country,City,Country Code,lat,lng
USA,Houston,US,29.7604267,-95.3698028
USA,Las Vegas,US,36.1699412,-115.1398296
USA,San Francisco,US,37.7749295,-122.4194155
USA,Los Angeles,US,34.0522342,-118.2436849
USA,New York,US,40.7127753,-74.0059728
USA,Chicago,US,41.8781136,-87.6297982
USA,Miami,US,25.7616798,-80.1917902
USA,Seattle,US,47.6062095,-122.3320708
USA,Phoenix,US,33.4483771,-112.0740373
USA,Denver,US,39.7392358,-104.990251
USA,Detroit,US,42.331427,-83.0457538
USA,Indianapolis,US,39.768403,-86.158068
Canada,Vancouver,CA,49.2827291,-123.1207375
Canada,Edmonton,CA,53.544389,-113.4909267
Canada,Winnipeg,CA,49.895136,-97.13837439999999
Canada,Toronto,CA,43.653226,-79.3831843
Canada,Montreal,CA,45.5016889,-73.567256
Greenland,Nuuk,GL,64.18140989999999,-51.6941381
Greenland,Sisimiut,GL,66.9394722,-53.6733857
Greenland,Narsarsuaq,GL,61.156703,-45.4254299
Iceland,Reykjavik,IS,64.12652059999999,-21.8174392
Spain,Madrid,ES,40.4167754,-3.7037902
Spain,Barcelona,ES,41.3850639,2.1734035
Portugal,Lisbon,PT,38.7222524,-9.1393366
France,Paris,FR,48.856614,2.3522219
France,Lyon,FR,45.764043,4.835659
France,Strasbourg,FR,48.5734053,7.752111299999999
Belgium,Brussels,BE,50.8503396,4.3517103
Luxembourg,Luxembourg City,LU,49.61162100000001,6.1319346
Netherlands,Amsterdam,NL,52.3702157,4.895167900000001
Netherlands,Eindhoven,NL,51.44164199999999,5.4697225
Netherlands,Rotterdam,NL,51.9244201,4.4777326
Germany,Munich,DE,48.1351253,11.5819805
Germany,Berlin,DE,52.52000659999999,13.404954
Germany,Frankfurt,DE,50.1109221,8.6821267
Germany,Hamburg,DE,53.5510846,9.9936819
Denmark,Copenhagen,DK,55.6760968,12.5683372
Denmark,Aarhus,DK,56.162939,10.203921
Sweden,Gothenburg,SE,57.70887,11.97456
Sweden,Stockholm,SE,59.32932349999999,18.0685808
Switzerland,Zurich,CH,47.3768866,8.541694
Switzerland,Geneva,CH,46.2043907,6.1431577
Austria,Vienna,AT,48.2081743,16.3738189
Poland,Warsaw,PL,52.2296756,21.0122287
Norway,Oslo,NO,59.9138688,10.7522454
Finland,Helsinki,FI,60.16985569999999,24.9383791
Estonia,Tallinn,EE,59.43696079999999,24.7535747
Latvia,Riga,LV,56.9496487,24.1051865
Lithuania,Vilnius,LT,54.6871555,25.2796514
Belarus,Minsk,BY,53.90453979999999,27.5615244
Ukraine,Kyiv,UA,50.4501,30.5234
Croatia,Zagreb,HR,45.8150108,15.9819189
Hungary,Budapest,HU,47.497912,19.040235
Macedonia,Skopje,MK,41.9973462,21.4279956
Greece,Athens,GR,37.9838096,23.7275388
Bulgaria,Sofia,BG,42.6977082,23.3218675
Czechia,Prague,CZ,50.0755381,14.4378005
Italy,Rome,IT,41.9027835,12.4963655
South Africa,Cape Town,ZA,-33.9248685,18.4240553
Kenya,Nairobi,KE,-1.2920659,36.8219462
Nigeria,Lagos,NG,6.5243793,3.3792057
Morocco,Marrakesh,MA,31.6294723,-7.981084500000001
Libya,Tripoli,LY,32.8872094,13.1913383
South Sudan,Juba,SS,4.859363,31.57125
Madagascar,Antananarivo,MG,-18.8791902,47.5079055
Romania,Bucharest,RO,44.4267674,26.1025384
Turkey,Istanbul,TR,41.0082376,28.9783589
Lebanon,Beirut,LB,33.8937913,35.5017767
Syria,Aleppo,SY,36.2021047,37.1342603
Israel,Jerusalem,IL,31.768319,35.21371
Saudi Arabia,Riyadh,SA,24.7135517,46.6752957
Saudi Arabia,Mecca,SA,21.3890824,39.8579118
Yemen,Sana'a,YE,15.3694451,44.1910066
Oman,Muscat,OM,23.58589,58.4059227
United Arab Emirates,Dubai,AE,25.143496,55.221337
Iraq,Baghdad,IQ,33.3128057,44.3614875
Russia,Moscow,RU,55.755826,37.6172999
Afghanistan,Kabul,AF,34.5553494,69.207486
Iran,Tehran,IR,35.5770451,51.4624642
Turkmenistan,Ashgabat,TM,37.9600766,58.32606289999999
Kazakhstan,Astana,KZ,51.16052269999999,71.4703558
China,Hong Kong,CN,22.3122364,114.1705851
China,Beijing,CN,39.90419989999999,116.4073963
China,Chengdu,CN,30.572815,104.066801
India,New Delhi,IN,28.6139391,77.2090212
India,Bengaluru,IN,12.9715987,77.5945627
India,Mumbai,IN,19.0759837,72.8776559
India,Chennai,IN,13.0826802,80.2707184
India,Kolkata,IN,22.572646,88.36389500000001
India,Lucknow,IN,26.8466937,80.94616599999999
Bangladesh,Dhaka,IN,23.810332,90.4125181
Nepal,Kathmandu,NP,27.7172453,85.3239605
Bhutan,Thimphu,BT,27.4727924,89.6392863
Myanmar,Naypyitaw,MM,19.7633057,96.07851040000001
Thailand,Bangkok,TH,13.7563309,100.5017651
Cambodia,Phnom Penh,KH,11.5563738,104.9282099
Vietnam,Ho Chi Minh City,VN,10.8230989,106.6296638
Malaysia,Kuala Lumpur,MY,3.139003,101.686855
Singapore,Singapore,SG,1.352083,103.819836
Indonesia,Makassar,ID,-5.147665099999999,119.4327314
Philippines,Manila,PH,14.5995124,120.9842195
Philippines,Davao,PH,7.190708,125.455341
Papua New Guinea,Port Moresby,PG,-9.4780123,147.1506542
Australia,Melbourne,AU,-37.8136276,144.9630576
Australia,Sydney,AU,-33.8688197,151.2092955
Australia,Brisbane,AU,-27.4697707,153.0251235
Australia,Alice Springs,AU,-23.698042,133.8807471
Australia,Perth,AU,-31.9505269,115.8604572
Mexico,Mexico City,MX,19.4326077,-99.133208
Costa Rica,San Jose,CR,9.9280694,-84.0907246
Panama,Panama City,PA,30.15274299999999,-85.657485
Colombia,Bogota,CO,4.710988599999999,-74.072092
Venezuela,Caracas,VE,10.4805937,-66.90360629999999
Brazil,Brasilia,BR,-15.7942287,-47.8821658
Brazil,Rio de Janeiro,BR,-22.9068467,-43.1728965
Brazil,Manaus,BR,-3.1190275,-60.0217314
Bolivia,La Paz,BO,-16.489689,-68.11929359999999
Paraguay,Asuncion,PY,-25.2637399,-57.57592599999999
Argentina,Burnos Aires,AR,-34.6036844,-58.3815591
Uruguay,Montevideo,UY,-34.9011127,-56.16453139999999
Chile,Santiago,CL,-33.4488897,-70.6692655
United Kingdom,London,GB,51.5073509,-0.1277583
Ireland,Dublin,IE,53.3498053,-6.2603097
United Kingdom,Manchester,GB,53.4807593,-2.2426305
